timestamp,symbol,action,reason,rsi,sma_fast,sma_slow,vix,sentiment,days_to_earnings,macro_breaches,sector_gates
2026-08-31T13:50:19.713763-04:00,AAPL,hold,no buy signal,37.420166697219976,314.2415,316.81783333333334,,,,,
2026-08-31T13:50:19.713763-04:00,SERV,hold,no buy signal,40.057729969464845,5.0045,5.012166666666667,,,,,
2026-08-31T15:26:09.949854-04:00,AAPL,hold,no buy signal,50.180390980450916,315.0735,316.033,,,,,
2026-08-31T15:26:09.949854-04:00,SERV,hold,no buy signal,46.98712199071948,4.936,5.003,,,,,
2026-09-01T15:57:40.132573-04:00,AAPL,hold,position size rounds to zero shares,54.84747413063075,325.164,323.7016666666667,14.92,-0.05131,none,0,[]
2026-09-01T15:57:40.132573-04:00,SERV,hold,no buy signal,42.17133684904603,4.6865,4.712000000000001,,,,,
2026-09-02T13:03:23.300128-04:00,AAPL,hold,no buy signal,58.609320376665906,325.36,325.3005,,,,,
2026-09-02T13:03:23.300128-04:00,SERV,buy,all checks passed,54.76067956082697,4.7485,4.714666666666667,16.34,0.0,none,0,[]
2026-09-02T15:48:12.961505-04:00,AAPL,buy,all checks passed,50.82165222877779,325.565,325.389,16.34,-0.00581,none,0,[]
2026-09-04T15:26:56.447812-04:00,SERV,buy,all checks passed,68.55207690369497,4.8885,4.849333333333333,14.32,0.0,none,0,[]
2026-09-07T09:31:34.217248-04:00,SERV,buy,all checks passed,65.49228219816584,4.9030000000000005,4.856666666666667,14.32,0.0,none,0,[]
2026-09-07T09:46:40.274550-04:00,SERV,buy,all checks passed,65.49228219818404,4.9030000000000005,4.856666666666667,14.32,0.0,none,0,[]
2026-09-07T10:01:33.282975-04:00,SERV,buy,all checks passed,65.49228219819008,4.9030000000000005,4.8566666666666665,14.32,0.0,none,0,[]
2026-09-07T10:16:37.482526-04:00,SERV,buy,all checks passed,65.49228219821647,4.9030000000000005,4.856666666666667,14.32,0.0,none,0,[]
2026-09-07T10:31:40.962423-04:00,SERV,buy,all checks passed,65.49228219820449,4.9030000000000005,4.856666666666667,14.32,0.0,none,0,[]
2026-09-07T10:46:47.100297-04:00,SERV,buy,all checks passed,65.49228219819052,4.9030000000000005,4.856666666666667,14.32,0.0,none,0,[]
2026-09-07T11:01:43.950238-04:00,SERV,buy,all checks passed,65.49228219820509,4.9030000000000005,4.856666666666667,14.32,0.0,none,0,[]
2026-09-07T11:16:33.784292-04:00,SERV,buy,all checks passed,65.49228219820682,4.9030000000000005,4.8566666666666665,14.32,0.0,none,0,[]
2026-09-07T11:31:29.751933-04:00,SERV,buy,all checks passed,65.49228219819138,4.9030000000000005,4.8566666666666665,14.32,0.0,none,0,[]
2026-09-07T11:46:41.457787-04:00,SERV,buy,all checks passed,65.49228219818536,4.9030000000000005,4.856666666666667,14.32,0.0,none,0,[]
2026-09-07T12:01:41.643742-04:00,SERV,buy,all checks passed,65.4922821981791,4.9030000000000005,4.8566666666666665,14.32,0.0,none,0,[]
2026-09-07T12:16:47.509249-04:00,SERV,buy,all checks passed,65.4922821981914,4.9030000000000005,4.8566666666666665,14.32,0.0,none,0,[]
2026-09-07T12:31:33.131756-04:00,SERV,buy,all checks passed,65.4922821981877,4.9030000000000005,4.856666666666667,14.32,0.0,none,0,[]
2026-09-07T12:46:33.349474-04:00,SERV,buy,all checks passed,65.49228219818716,4.9030000000000005,4.856666666666667,14.32,0.0,none,0,[]
2026-09-07T13:01:50.028717-04:00,SERV,buy,all checks passed,65.49228219818094,4.9030000000000005,4.856666666666667,14.32,0.0,none,0,[]
2026-09-07T13:16:31.352960-04:00,SERV,buy,all checks passed,65.4922821981544,4.9030000000000005,4.856666666666667,14.32,0.0,none,0,[]
2026-09-07T13:31:37.880279-04:00,SERV,buy,all checks passed,65.49228219816379,4.9030000000000005,4.8566666666666665,14.32,0.0,none,0,[]
2026-09-07T13:46:44.502580-04:00,SERV,buy,all checks passed,65.49228219814158,4.9030000000000005,4.856666666666667,14.32,0.0,none,0,[]
2026-09-07T14:01:50.254005-04:00,SERV,buy,all checks passed,65.49228219812564,4.9030000000000005,4.856666666666667,14.32,0.0,none,0,[]
2026-09-07T14:14:24.935655-04:00,SERV,buy,all checks passed,65.49228219812564,4.9030000000000005,4.856666666666667,14.32,0.0,none,0,[]
2026-09-07T14:16:27.047740-04:00,SERV,buy,all checks passed,65.49228219811128,4.9030000000000005,4.8566666666666665,14.32,0.0,none,0,[]
2026-09-07T14:31:29.729075-04:00,SERV,buy,all checks passed,65.49228219807388,4.9030000000000005,4.8566666666666665,14.32,0.0,none,0,[]
2026-09-07T14:46:31.828506-04:00,SERV,buy,all checks passed,65.49228219805536,4.9030000000000005,4.856666666666667,14.32,0.0,none,0,[]
2026-09-07T15:01:46.265302-04:00,SERV,buy,all checks passed,65.49228219800492,4.9030000000000005,4.856666666666667,14.32,0.0,none,0,[]
2026-09-07T15:16:36.328078-04:00,SERV,buy,all checks passed,65.49228219795751,4.9030000000000005,4.8566666666666665,14.32,0.0,none,0,[]
2026-09-07T15:31:45.959975-04:00,SERV,buy,all checks passed,65.4922821978791,4.9030000000000005,4.856666666666667,14.32,0.0,none,0,[]
2026-09-07T15:46:36.388967-04:00,SERV,buy,all checks passed,65.49228219826522,4.9030000000000005,4.856666666666667,14.32,0.0,none,0,[]
2026-09-08T09:31:33.366128-04:00,SERV,hold,no buy signal,73.19974889215679,4.916,4.861,,,,,
2026-09-08T09:46:37.800705-04:00,AAPL,hold,no buy signal,25.31723082093682,318.929,320.1288333333333,,,,,
2026-09-08T09:46:37.800705-04:00,SERV,buy,all checks passed,60.666199065923976,4.9125,4.858999999999999,15.3,0.0,none,0,[]
2026-09-08T10:02:02.237186-04:00,AAPL,hold,no buy signal,24.652261080741184,318.41999999999996,319.9941666666667,,,,,
2026-09-08T10:02:02.237186-04:00,SERV,blocked,vix_gate,66.50946846095508,4.9265,4.863666666666666,,,,,
2026-09-08T10:16:35.761956-04:00,AAPL,hold,no buy signal,21.504197195769645,317.844,319.8235000000001,,,,,
2026-09-08T10:16:35.761956-04:00,SERV,buy,all checks passed,65.57815088004314,4.9335,4.8678333333333335,15.3,0.0,none,0,[]
2026-09-08T10:31:48.092488-04:00,AAPL,hold,no buy signal,20.988583014198127,317.4,319.7258333333333,,,,,
2026-09-08T10:31:48.092488-04:00,SERV,buy,all checks passed,60.500098043380945,4.9305,4.866833333333334,15.3,0.0,none,0,[]
2026-09-08T10:46:48.554125-04:00,AAPL,hold,no buy signal,25.328356464824132,317.07599999999996,319.6358333333334,,,,,
2026-09-08T10:46:48.554125-04:00,SERV,buy,all checks passed,54.53537605140421,4.9350000000000005,4.873833333333334,15.3,0.0,none,0,[]
2026-09-08T11:02:20.380556-04:00,AAPL,hold,no buy signal,25.722634251734068,316.8075,319.5203333333333,,,,,
2026-09-08T11:02:20.380556-04:00,SERV,blocked,vix_gate,61.46018458975156,4.943,4.8815,,,,,
2026-09-08T11:16:35.507856-04:00,AAPL,hold,no buy signal,29.88456160267035,316.6625,319.3966666666667,,,,,
2026-09-08T11:16:35.507856-04:00,SERV,buy,all checks passed,61.46018458973796,4.945,4.887333333333333,15.3,0.0,none,0,[]
2026-09-08T11:31:48.576778-04:00,AAPL,hold,no buy signal,29.567626369318784,316.4995,319.2341666666667,,,,,
2026-09-08T11:31:48.576778-04:00,SERV,buy,all checks passed,62.135806733737496,4.949,4.893833333333333,15.3,0.0,none,0,[]
2026-09-08T11:46:36.371231-04:00,AAPL,hold,no buy signal,31.735742155882864,316.361,319.09000000000003,,,,,
2026-09-08T11:46:36.371231-04:00,SERV,buy,all checks passed,65.08323052077525,4.9515,4.894666666666667,15.3,0.0,none,0,[]
2026-09-08T12:01:48.828685-04:00,AAPL,hold,no buy signal,28.722037450056625,316.157,318.925,,,,,
2026-09-08T12:01:48.828685-04:00,SERV,buy,all checks passed,62.971668927366004,4.957,4.902500000000001,15.3,0.0,none,0,[]
2026-09-08T12:16:47.765371-04:00,AAPL,hold,no buy signal,29.108726848421544,316.00699999999995,318.7436666666666,,,,,
2026-09-08T12:16:47.765371-04:00,SERV,buy,all checks passed,59.83570535156835,4.9665,4.909166666666667,15.3,0.0,none,0,[]
2026-09-08T12:32:07.224239-04:00,AAPL,hold,no buy signal,32.580715262004304,316.049,318.58866666666665,,,,,
2026-09-08T12:32:07.224239-04:00,SERV,buy,all checks passed,58.78482216514786,4.967999999999999,4.913833333333334,15.3,0.0,none,0,[]
2026-09-08T12:46:38.297052-04:00,AAPL,hold,no buy signal,33.152575955742066,316.0965,318.4193333333333,,,,,
2026-09-08T12:46:38.297052-04:00,SERV,buy,all checks passed,59.60756374012522,4.9719999999999995,4.922833333333333,15.3,0.0,none,0,[]
2026-09-08T13:01:49.123479-04:00,AAPL,hold,no buy signal,34.27839927992512,316.089,318.2315,,,,,
2026-09-08T13:01:49.123479-04:00,SERV,buy,all checks passed,58.730112546201916,4.979000000000001,4.9271666666666665,15.3,0.0,none,0,[]
2026-09-08T13:14:05.153289-04:00,AAPL,hold,no buy signal,34.339578379546666,316.0895,318.2316666666667,,,,,
2026-09-08T13:14:05.153289-04:00,SERV,buy,all checks passed,58.730112546201916,4.979000000000001,4.9271666666666665,15.3,0.0,none,0,[]
2026-09-08T13:16:41.951299-04:00,AAPL,hold,no buy signal,34.10625962622646,316.1025,318.06983333333335,,,,,
2026-09-08T13:16:41.951299-04:00,SERV,buy,all checks passed,58.730112546193794,4.979,4.9271666666666665,15.3,0.0,none,0,[]
2026-09-08T13:32:16.804921-04:00,AAPL,hold,no buy signal,35.284080516545046,316.116,317.9155,,,,,
2026-09-08T13:32:16.804921-04:00,SERV,buy,all checks passed,53.94004973248081,4.979000000000001,4.9345,15.3,0.0,none,0,[]
2026-09-08T13:46:28.885549-04:00,AAPL,hold,no buy signal,35.61481934331078,316.123,317.74966666666666,,,,,
2026-09-08T13:46:28.885549-04:00,SERV,buy,all checks passed,49.73352108833463,4.976999999999999,4.933833333333333,15.3,0.0,none,0,[]
2026-09-08T14:01:50.132196-04:00,AAPL,hold,no buy signal,35.50387401426509,316.06149999999997,317.585,,,,,
2026-09-08T14:01:50.132196-04:00,SERV,blocked,vix_gate,47.72927062137021,4.974,4.935833333333334,,,,,
2026-09-08T14:16:31.680959-04:00,AAPL,hold,no buy signal,39.012414552323484,316.11,317.4256666666667,,,,,
2026-09-08T14:16:31.680959-04:00,SERV,buy,all checks passed,42.168563531481645,4.9545,4.938166666666667,15.3,0.0,none,0,[]
2026-09-08T14:31:41.176164-04:00,AAPL,hold,no buy signal,38.97695131604788,316.19,317.2493333333333,,,,,
2026-09-08T14:31:41.176164-04:00,SERV,buy,all checks passed,30.74324384364364,4.9455,4.9351666666666665,15.3,0.0,none,0,[]
2026-09-08T14:46:31.060608-04:00,AAPL,hold,no buy signal,32.39685348969639,316.04249999999996,317.004,,,,,
2026-09-08T14:46:31.060608-04:00,SERV,hold,no buy signal,36.88220391060406,4.9315,4.934166666666667,,,,,
2026-09-08T15:02:12.417997-04:00,AAPL,hold,no buy signal,32.66455265407699,315.988,316.7951666666667,,,,,
2026-09-08T15:02:12.417997-04:00,SERV,hold,no buy signal,36.9861579652704,4.905,4.932666666666667,,,,,
2026-09-08T15:16:23.958633-04:00,AAPL,hold,no buy signal,39.6854973042734,316.05,316.6595,,,,,
2026-09-08T15:16:23.958633-04:00,SERV,hold,no buy signal,40.794895819824085,4.8945,4.932666666666667,,,,,
2026-09-08T15:31:46.088728-04:00,AAPL,hold,no buy signal,36.56759098707386,315.978,316.50916666666666,,,,,
2026-09-08T15:31:46.088728-04:00,SERV,hold,no buy signal,39.42999983428378,4.8935,4.932333333333333,,,,,
2026-09-08T15:46:30.393566-04:00,AAPL,hold,no buy signal,41.97969829738887,316.0185,316.405,,,,,
2026-09-08T15:46:30.393566-04:00,SERV,hold,no buy signal,42.611208342907986,4.871,4.929999999999999,,,,,
2026-09-09T09:31:46.343182-04:00,AAPL,hold,no buy signal,44.94243673864531,315.91999999999996,316.174,,,,,
2026-09-09T09:31:46.343182-04:00,SERV,hold,no buy signal,45.190800345707984,4.868,4.929333333333333,,,,,
2026-09-09T09:46:34.306471-04:00,AAPL,hold,no buy signal,43.02195263921408,315.846,316.0921666666666,,,,,
2026-09-09T09:46:34.306471-04:00,SERV,hold,no buy signal,39.46352728660996,4.8635,4.927833333333334,,,,,
2026-09-09T10:03:02.062788-04:00,AAPL,blocked,vix_gate,58.30156921321463,316.2885,316.171,,,,,
2026-09-09T10:03:02.062788-04:00,SERV,hold,no buy signal,38.21530470185038,4.845000000000001,4.920166666666666,,,,,
2026-09-09T10:16:53.660680-04:00,AAPL,hold,no buy signal,42.74524952428143,316.0365,316.04200000000003,,,,,
2026-09-09T10:16:53.660680-04:00,SERV,hold,no buy signal,30.46853497817354,4.8305,4.911,,,,,
2026-09-09T11:01:32.048991-04:00,AAPL,hold,no buy signal,33.92505289440201,315.1375,315.7556666666667,,,,,
2026-09-09T11:01:32.048991-04:00,SERV,hold,no buy signal,28.68007265975215,4.788500000000001,4.888333333333334,,,,,
2026-09-09T11:16:40.690488-04:00,AAPL,hold,no buy signal,32.24797252143975,314.66700000000003,315.6081666666667,,,,,
2026-09-09T11:16:40.690488-04:00,SERV,hold,no buy signal,23.888730379394314,4.764,4.876833333333333,,,,,
2026-09-09T11:31:41.279958-04:00,AAPL,hold,no buy signal,32.57062666822686,314.28,315.4835,,,,,
2026-09-09T11:31:41.279958-04:00,SERV,hold,no buy signal,25.458685377607903,4.7425,4.867666666666667,,,,,
2026-09-09T11:46:53.257273-04:00,AAPL,hold,no buy signal,38.12508938896311,314.1875,315.4138333333333,,,,,
2026-09-09T11:46:53.257273-04:00,SERV,hold,no buy signal,28.577517691422813,4.744,4.868166666666666,,,,,
2026-09-09T12:02:02.196088-04:00,AAPL,hold,no buy signal,37.52188175753449,313.9085,315.29816666666665,,,,,
2026-09-09T12:02:02.196088-04:00,SERV,hold,no buy signal,27.744106841621285,4.720000000000001,4.8581666666666665,,,,,
2026-09-09T12:16:36.533129-04:00,AAPL,hold,no buy signal,39.11962511006745,313.4835,315.21649999999994,,,,,
2026-09-09T12:16:36.533129-04:00,SERV,hold,no buy signal,24.647714546686796,4.677999999999999,4.835166666666667,,,,,
2026-09-09T12:31:40.171337-04:00,AAPL,hold,no buy signal,40.99640035709275,313.32,315.16066666666666,,,,,
2026-09-09T12:31:40.171337-04:00,SERV,hold,no buy signal,47.0890318493551,4.692,4.831166666666666,,,,,
2026-09-09T12:46:33.479030-04:00,AAPL,hold,no buy signal,44.657099478084675,313.3295,315.1188333333333,,,,,
2026-09-09T12:46:33.479030-04:00,SERV,hold,no buy signal,52.77278416896241,4.7055,4.827333333333334,,,,,
2026-09-09T13:01:46.724433-04:00,AAPL,hold,no buy signal,46.89996871615958,313.44199999999995,315.06233333333336,,,,,
2026-09-09T13:01:46.724433-04:00,SERV,hold,no buy signal,48.705720492712466,4.708,4.819166666666666,,,,,
2026-09-09T13:08:35.273706-04:00,AAPL,hold,no buy signal,37.179052337794154,313.2605,315.00183333333337,,,,,
2026-09-09T13:08:35.273706-04:00,SERV,hold,no buy signal,46.765070366942865,4.706,4.818499999999999,,,,,
2026-09-09T13:17:16.806042-04:00,AAPL,hold,no buy signal,34.9858515912378,313.159,314.8815,,,,,
2026-09-09T13:17:16.806042-04:00,SERV,hold,no buy signal,46.76507036694201,4.706,4.8185,,,,,
2026-09-09T13:32:24.494870-04:00,AAPL,hold,no buy signal,36.47021859806288,313.1035,314.732,,,,,
2026-09-09T13:32:24.494870-04:00,SERV,hold,no buy signal,46.03650241766842,4.7175,4.802833333333334,,,,,
2026-09-09T13:47:15.537912-04:00,AAPL,hold,no buy signal,39.46499214063387,313.152,314.622,,,,,
2026-09-09T13:47:15.537912-04:00,SERV,hold,no buy signal,43.398762644947595,4.715,4.8020000000000005,,,,,
2026-09-09T14:02:30.782866-04:00,AAPL,hold,no buy signal,42.657873103810054,313.188,314.53616666666665,,,,,
2026-09-09T14:02:30.782866-04:00,SERV,hold,no buy signal,44.67625598704208,4.7295,4.784999999999999,,,,,
2026-09-09T14:17:15.367014-04:00,AAPL,hold,no buy signal,34.32923777297043,312.642,314.26016666666663,,,,,
2026-09-09T14:17:15.367014-04:00,SERV,hold,no buy signal,42.52928631278043,4.7335,4.776,,,,,
2026-09-09T14:32:14.899313-04:00,AAPL,hold,no buy signal,43.31199273237124,312.6915,314.17850000000004,,,,,
2026-09-09T14:32:14.899313-04:00,SERV,hold,no buy signal,44.32746312583068,4.735,4.7764999999999995,,,,,
2026-09-09T14:47:12.203920-04:00,AAPL,hold,no buy signal,54.73542107006718,313.0335,314.20099999999996,,,,,
2026-09-09T14:47:12.203920-04:00,SERV,hold,no buy signal,41.50770600246624,4.7385,4.760833333333333,,,,,
2026-09-09T15:02:29.632587-04:00,AAPL,hold,no buy signal,56.914911209741256,313.367,314.27450000000005,,,,,
2026-09-09T15:02:29.632587-04:00,SERV,hold,no buy signal,40.9466937521541,4.725,4.753666666666666,,,,,
2026-09-09T15:17:12.563967-04:00,AAPL,hold,no buy signal,56.016655625806955,313.5225,314.277,,,,,
2026-09-09T15:17:12.563967-04:00,SERV,hold,no buy signal,40.31475211179688,4.716500000000001,4.749666666666667,,,,,
2026-09-09T15:32:16.008511-04:00,AAPL,hold,no buy signal,54.65371265301807,313.756,314.2475,,,,,
2026-09-09T15:32:16.008511-04:00,SERV,hold,no buy signal,40.314752111796494,4.7165,4.749666666666666,,,,,
2026-09-09T15:47:02.940736-04:00,AAPL,hold,no buy signal,54.72721839523174,314.1755,314.24899999999997,,,,,
2026-09-09T15:47:02.940736-04:00,SERV,hold,no buy signal,38.35336666922041,4.703,4.738500000000001,,,,,
2026-09-10T09:46:58.426197-04:00,AAPL,buy,all checks passed,66.18949657924081,317.34450000000004,314.6926666666667,15.72,-0.10468,none,0,[]
2026-09-10T09:46:58.426197-04:00,SERV,hold,no buy signal,30.105593707914878,4.6775,4.721333333333334,,,,,
2026-09-10T10:02:18.974744-04:00,AAPL,buy,all checks passed,60.67954937292164,317.5595,314.7921666666667,15.72,-0.10468,none,0,[]
2026-09-10T10:02:18.974744-04:00,SERV,hold,no buy signal,30.88978382269085,4.6594999999999995,4.7106666666666674,,,,,
2026-09-10T10:16:46.799092-04:00,AAPL,buy,all checks passed,62.48224528242583,317.95550000000003,315.00866666666667,15.72,-0.10468,none,0,[]
2026-09-10T10:16:46.799092-04:00,SERV,hold,no buy signal,27.143063576699582,4.6395,4.698166666666667,,,,,
2026-09-10T10:32:02.473576-04:00,AAPL,buy,all checks passed,62.96938093182125,318.337,315.20366666666666,15.72,-0.10468,none,0,[]
2026-09-10T10:32:02.473576-04:00,SERV,hold,no buy signal,32.728497180077355,4.6305,4.690833333333334,,,,,
2026-09-10T10:46:59.261079-04:00,AAPL,buy,all checks passed,65.42839823846474,318.662,315.49300000000005,15.72,-0.10468,none,0,[]
2026-09-10T10:46:59.261079-04:00,SERV,hold,no buy signal,26.966963958200107,4.6034999999999995,4.677333333333333,,,,,
2026-09-10T11:02:26.453448-04:00,AAPL,hold,no buy signal,68.15507324496673,319.3805,315.908,,,,,
2026-09-10T11:02:26.453448-04:00,SERV,hold,no buy signal,30.48148315749078,4.6055,4.678,,,,,
2026-09-10T11:16:56.177517-04:00,AAPL,hold,no buy signal,65.50352576336817,319.849,316.17733333333337,,,,,
2026-09-10T11:16:56.177517-04:00,SERV,hold,no buy signal,28.282883329811963,4.585,4.6695,,,,,
2026-09-10T11:32:16.268436-04:00,AAPL,hold,no buy signal,70.244457903093,320.69899999999996,316.595,,,,,
2026-09-10T11:32:16.268436-04:00,SERV,hold,no buy signal,27.56905239926292,4.5440000000000005,4.6530000000000005,,,,,
2026-09-10T11:46:43.827390-04:00,AAPL,buy,all checks passed,62.64944793658113,321.015,316.83733333333333,16.46,0.016069999999999997,none,0,[]
2026-09-10T11:46:43.827390-04:00,SERV,hold,no buy signal,29.48566258969086,4.5280000000000005,4.646166666666667,,,,,
2026-09-10T12:02:14.842264-04:00,AAPL,buy,all checks passed,54.41909571543663,320.75149999999996,316.95883333333336,16.46,0.02379,none,0,[]
2026-09-10T12:02:14.842264-04:00,SERV,hold,no buy signal,29.071442747458086,4.527500000000001,4.646,,,,,
2026-09-10T12:16:55.673468-04:00,AAPL,buy,all checks passed,55.72070681733902,320.9265,317.16883333333334,16.46,0.02379,none,0,[]
2026-09-10T12:16:55.673468-04:00,SERV,hold,no buy signal,26.287548012176998,4.5115,4.638999999999999,,,,,
2026-09-10T12:32:07.051944-04:00,AAPL,buy,all checks passed,57.93906266719496,321.299,317.46483333333333,16.46,0.02379,none,0,[]
2026-09-10T12:32:07.051944-04:00,SERV,hold,no buy signal,31.489445625104402,4.4945,4.626500000000001,,,,,
2026-09-10T12:46:44.594834-04:00,AAPL,buy,all checks passed,64.68240498472824,322.1515,317.94983333333334,16.46,-0.03313,none,0,[]
2026-09-10T12:46:44.594834-04:00,SERV,hold,no buy signal,30.464068914324322,4.494000000000001,4.626333333333334,,,,,
2026-09-10T12:58:50.091828-04:00,AAPL,buy,all checks passed,62.505184150941965,322.09000000000003,317.9293333333334,16.46,-0.03313,none,0,[]
2026-09-10T12:58:50.091828-04:00,SERV,hold,no buy signal,32.63562442210094,4.483,4.620333333333334,,,,,
2026-09-10T13:03:08.590655-04:00,AAPL,buy,all checks passed,60.75060652096028,322.3645,318.3001666666667,16.46,-0.03313,none,0,[]
2026-09-10T13:03:08.590655-04:00,SERV,hold,no buy signal,34.827474742257024,4.482,4.616,,,,,
2026-09-10T13:16:52.049086-04:00,AAPL,buy,all checks passed,61.72185424031703,322.456,318.68050000000005,16.46,-0.03313,none,0,[]
2026-09-10T13:16:52.049086-04:00,SERV,hold,no buy signal,32.63562442217855,4.481,4.615666666666668,,,,,
2026-09-10T13:31:49.474880-04:00,AAPL,buy,all checks passed,63.551567659698826,322.8535,319.10450000000003,16.46,-0.03313,none,0,[]
2026-09-10T13:31:49.474880-04:00,SERV,hold,no buy signal,37.18570915459366,4.48,4.596666666666667,,,,,
2026-09-10T13:46:48.614529-04:00,AAPL,buy,all checks passed,65.0993156336723,323.092,319.6333333333333,16.46,-0.03313,none,0,[]
2026-09-10T13:46:48.614529-04:00,SERV,hold,no buy signal,35.88072542122229,4.479,4.596333333333334,,,,,
2026-09-10T14:02:18.502454-04:00,AAPL,blocked,vix_gate,62.37365577734817,323.281,320.0411666666667,,,,,
2026-09-10T14:02:18.502454-04:00,SERV,hold,no buy signal,34.57406088009375,4.478,4.577333333333333,,,,,
2026-09-10T15:02:16.081543-04:00,AAPL,buy,all checks passed,62.19039590766826,324.491,321.2375,16.46,-0.005579999999999997,none,0,[]
2026-09-10T15:02:16.081543-04:00,SERV,hold,no buy signal,37.75114874179125,4.461,4.537166666666667,,,,,
2026-09-10T15:17:03.187249-04:00,AAPL,buy,all checks passed,64.34880632293155,324.804,321.5923333333333,16.46,-0.005579999999999997,none,0,[]
2026-09-10T15:17:03.187249-04:00,SERV,hold,no buy signal,31.265092985744094,4.4525,4.526166666666668,,,,,
2026-09-10T15:31:54.357831-04:00,AAPL,buy,all checks passed,61.80819059168114,324.92,321.90250000000003,16.46,-0.005579999999999997,none,0,[]
2026-09-10T15:31:54.357831-04:00,SERV,hold,no buy signal,35.15841672234585,4.454000000000001,4.526666666666667,,,,,
2026-09-10T15:34:15.750310-04:00,AAPL,buy,all checks passed,62.529417884772755,324.942,321.9098333333333,16.46,-0.005579999999999997,none,0,[]
2026-09-10T15:34:15.750310-04:00,SERV,hold,no buy signal,31.335502836826734,4.447,4.5169999999999995,,,,,
2026-09-10T15:46:49.173608-04:00,AAPL,buy,all checks passed,62.42777796682724,324.992,322.16683333333333,16.46,-0.005579999999999997,none,0,[]
2026-09-10T15:46:49.173608-04:00,SERV,hold,no buy signal,35.78754937889811,4.442,4.5088333333333335,,,,,
2026-09-11T15:35:34.618393-04:00,AAPL,buy,all checks passed,57.03732133337611,332.992,332.4096666666667,17.84,0.06736,none,0,[]
2026-09-11T15:35:34.618393-04:00,SERV,hold,no buy signal,37.3621544897071,4.4995,4.502999999999999,,,,,
2026-09-14T09:31:25.492159-04:00,AAPL,hold,no buy signal,53.29112817563786,332.8565,333.5693333333333,,,,,
2026-09-14T09:31:25.492159-04:00,SERV,hold,no buy signal,43.05564950491103,4.4990000000000006,4.5056666666666665,,,,,
2026-09-14T09:46:37.702798-04:00,AAPL,hold,no buy signal,49.42148772739559,332.7745,333.47333333333336,,,,,
2026-09-14T09:46:37.702798-04:00,SERV,hold,no buy signal,24.35822170367185,4.47,4.5008333333333335,,,,,
2026-09-14T10:01:41.418479-04:00,AAPL,hold,no buy signal,57.737622949525395,333.113,333.4935,,,,,
2026-09-14T10:01:41.418479-04:00,SERV,hold,no buy signal,20.45495814837806,4.4525,4.4976666666666665,,,,,
2026-09-14T10:16:39.636356-04:00,AAPL,hold,no buy signal,54.58836403397271,333.1535,333.408,,,,,
2026-09-14T10:16:39.636356-04:00,SERV,hold,no buy signal,34.60268457664854,4.4475,4.499166666666667,,,,,
2026-09-14T10:31:35.187303-04:00,AAPL,hold,no buy signal,51.756564818678186,333.17499999999995,333.3131666666667,,,,,
2026-09-14T10:31:35.187303-04:00,SERV,hold,no buy signal,37.05534222133569,4.449,4.499666666666666,,,,,
2026-09-14T10:46:31.154516-04:00,AAPL,hold,no buy signal,51.23905968974531,333.2085,333.25,,,,,
2026-09-14T10:46:31.154516-04:00,SERV,hold,no buy signal,34.99519809751672,4.4275,4.489,,,,,
2026-09-14T11:02:02.510028-04:00,AAPL,hold,no buy signal,50.93395897327063,333.3085,333.21866666666665,,,,,
2026-09-14T11:02:02.510028-04:00,SERV,hold,no buy signal,34.995723341788846,4.414,4.484,,,,,
2026-09-14T11:16:34.563973-04:00,AAPL,buy,all checks passed,50.74482791241664,333.288,333.1501666666666,15.84,0.030070000000000003,none,0,[]
2026-09-14T11:16:34.563973-04:00,SERV,hold,no buy signal,38.52592369890515,4.4155,4.484500000000001,,,,,
2026-09-14T11:32:14.488503-04:00,AAPL,buy,all checks passed,51.782049926877136,333.2285,333.10499999999996,15.84,0.030070000000000003,none,0,[]
2026-09-14T11:32:14.488503-04:00,SERV,hold,no buy signal,37.78922677094377,4.4065,4.480333333333333,,,,,
2026-09-14T11:46:24.739930-04:00,AAPL,buy,all checks passed,60.438376464502966,333.34049999999996,333.16766666666666,15.84,0.030070000000000003,none,0,[]
2026-09-14T11:46:24.739930-04:00,SERV,hold,no buy signal,43.59679437258376,4.3995,4.478,,,,,
2026-09-14T12:02:02.264585-04:00,AAPL,buy,all checks passed,60.88924335357026,333.621,333.18666666666667,15.84,0.01727,none,0,[]
2026-09-14T12:02:02.264585-04:00,SERV,hold,no buy signal,42.73747963454157,4.392,4.474,,,,,
2026-09-14T12:16:20.014799-04:00,AAPL,buy,all checks passed,60.13681374970152,333.70300000000003,333.2,15.84,0.01727,none,0,[]
2026-09-14T12:16:20.014799-04:00,SERV,hold,no buy signal,46.24816812350322,4.407,4.467,,,,,
2026-09-14T12:29:42.323548-04:00,AAPL,buy,all checks passed,57.41780491565419,333.6655,333.1875,15.84,0.01727,none,0,[]
2026-09-14T12:29:42.323548-04:00,SERV,hold,no buy signal,47.377346680957785,4.407500000000001,4.4671666666666665,,,,,
2026-09-14T12:31:34.643238-04:00,AAPL,buy,all checks passed,57.247900320162984,333.7715,333.20849999999996,15.84,0.01727,none,0,[]
2026-09-14T12:31:34.643238-04:00,SERV,hold,no buy signal,47.37734668094821,4.4075,4.467166666666667,,,,,
2026-09-14T12:46:41.057799-04:00,AAPL,buy,all checks passed,59.367550982771355,333.9765,333.27466666666663,15.84,0.01727,none,0,[]
2026-09-14T12:46:41.057799-04:00,SERV,hold,no buy signal,47.37734668093094,4.4105,4.463666666666667,,,,,
2026-09-14T13:01:57.658868-04:00,AAPL,buy,all checks passed,60.39181679372557,334.1755,333.326,15.84,0.01727,none,0,[]
2026-09-14T13:01:57.658868-04:00,SERV,hold,no buy signal,49.745285951662396,4.4195,4.457833333333332,,,,,
2026-09-14T13:17:25.569442-04:00,AAPL,buy,all checks passed,55.327752339551,334.299,333.3713333333333,15.84,0.01727,none,0,[]
2026-09-14T13:17:25.569442-04:00,SERV,hold,no buy signal,47.478935218720494,4.4245,4.4543333333333335,,,,,
2026-09-14T13:31:47.532821-04:00,AAPL,buy,all checks passed,56.65390158248977,334.5035,333.4336666666667,15.84,0.01727,none,0,[]
2026-09-14T13:31:47.532821-04:00,SERV,hold,no buy signal,49.935292606102166,4.4255,4.454666666666667,,,,,
2026-09-14T13:46:33.327525-04:00,AAPL,buy,all checks passed,56.66879059104241,334.7045,333.49233333333336,15.84,0.01727,none,0,[]
2026-09-14T13:46:33.327525-04:00,SERV,hold,no buy signal,54.51694694208945,4.432,4.452166666666668,,,,,
2026-09-14T14:01:46.432150-04:00,AAPL,blocked,vix_gate,50.29357557619041,334.577,333.514,,,,,
2026-09-14T14:01:46.432150-04:00,SERV,hold,no buy signal,53.08305025591687,4.4415,4.4475,,,,,
2026-09-14T14:16:54.753698-04:00,AAPL,buy,all checks passed,52.86297598396285,334.512,333.5748333333333,15.84,0.01727,none,0,[]
2026-09-14T14:16:54.753698-04:00,SERV,hold,no buy signal,50.76464370868635,4.440499999999999,4.447166666666667,,,,,
2026-09-14T14:31:59.244247-04:00,AAPL,buy,all checks passed,55.63477734922486,334.5135,333.6476666666667,15.84,0.01727,none,0,[]
2026-09-14T14:31:59.244247-04:00,SERV,hold,no buy signal,44.803901361192445,4.4415,4.444166666666666,,,,,
2026-09-14T14:47:02.057993-04:00,AAPL,buy,all checks passed,56.32853505901528,334.515,333.71366666666665,15.84,0.01727,none,0,[]
2026-09-14T14:47:02.057993-04:00,SERV,buy,all checks passed,42.489442840725964,4.439500000000001,4.4384999999999994,15.84,0.0,none,0,[]
2026-09-14T15:02:03.853025-04:00,AAPL,buy,all checks passed,50.82949744880616,334.3895,333.7595,15.84,0.01727,none,0,[]
2026-09-14T15:02:03.853025-04:00,SERV,buy,all checks passed,42.48944284075262,4.4395,4.4385,15.84,0.0,none,0,[]
2026-09-14T15:17:08.387278-04:00,AAPL,buy,all checks passed,61.54331683198718,334.57,333.8958333333333,15.84,0.01727,none,0,[]
2026-09-14T15:17:08.387278-04:00,SERV,buy,all checks passed,48.24754307936686,4.438000000000001,4.433833333333333,15.84,0.0,none,0,[]
2026-09-14T15:32:03.891704-04:00,AAPL,buy,all checks passed,51.73296677127461,334.41999999999996,333.9221666666666,15.84,0.01727,none,0,[]
2026-09-14T15:32:03.891704-04:00,SERV,buy,all checks passed,49.530601426199084,4.4395,4.432,15.84,0.0,none,0,[]
2026-09-14T15:47:27.731332-04:00,AAPL,buy,all checks passed,50.450629289047676,334.34000000000003,333.9626666666667,15.84,0.01727,none,0,[]
2026-09-14T15:47:27.731332-04:00,SERV,buy,all checks passed,48.59113347589041,4.436999999999999,4.429333333333333,15.84,0.0,none,0,[]
2026-09-15T09:31:58.353017-04:00,AAPL,hold,no buy signal,31.153259876548955,333.325,333.77049999999997,,,,,
2026-09-15T09:31:58.353017-04:00,SERV,buy,all checks passed,40.14988007908407,4.429,4.4254999999999995,15.84,0.0,none,0,[]
2026-09-15T09:47:02.443478-04:00,AAPL,hold,no buy signal,32.251406673944274,332.924,333.623,,,,,
2026-09-15T09:47:02.443478-04:00,SERV,buy,all checks passed,38.152942855357146,4.4225,4.422166666666667,17.1,0.0,none,0,[]
2026-09-15T10:01:54.188543-04:00,AAPL,hold,no buy signal,32.892160604980376,332.54150000000004,333.5631666666667,,,,,
2026-09-15T10:01:54.188543-04:00,SERV,hold,no buy signal,33.735848715879634,4.412,4.417333333333333,,,,,
2026-09-15T10:17:48.567339-04:00,AAPL,hold,no buy signal,30.116402718220577,332.036,333.40299999999996,,,,,
2026-09-15T10:17:48.567339-04:00,SERV,hold,no buy signal,24.65404430564157,4.391,4.408166666666667,,,,,
2026-09-15T10:31:54.445231-04:00,AAPL,hold,no buy signal,27.657901688814757,331.3985,333.24833333333333,,,,,
2026-09-15T10:31:54.445231-04:00,SERV,hold,no buy signal,31.29362938630609,4.3935,4.409000000000001,,,,,
2026-09-15T10:46:55.615283-04:00,AAPL,hold,no buy signal,29.653651456257066,330.9475,333.1381666666667,,,,,
2026-09-15T10:46:55.615283-04:00,SERV,hold,no buy signal,30.710740253725753,4.3715,4.406166666666667,,,,,
2026-09-15T11:01:51.019051-04:00,AAPL,hold,no buy signal,32.927736496813175,330.563,333.0421666666667,,,,,
2026-09-15T11:01:51.019051-04:00,SERV,hold,no buy signal,29.52619361208925,4.3705,4.405833333333333,,,,,
2026-09-15T11:17:02.346881-04:00,AAPL,hold,no buy signal,30.122007615315233,330.1685,332.91133333333335,,,,,
2026-09-15T11:17:02.346881-04:00,SERV,hold,no buy signal,28.733154407780756,4.339,4.3975,,,,,
2026-09-15T11:31:50.450682-04:00,AAPL,hold,no buy signal,34.6457380158359,330.065,332.8355,,,,,
2026-09-15T11:31:50.450682-04:00,SERV,hold,no buy signal,35.280566374597676,4.3415,4.3983333333333325,,,,,
2026-09-15T11:47:01.267806-04:00,AAPL,hold,no buy signal,35.2037352518983,329.902,332.7455,,,,,
2026-09-15T11:47:01.267806-04:00,SERV,hold,no buy signal,34.54442793088404,4.318499999999999,4.393166666666667,,,,,
2026-09-15T12:01:49.322949-04:00,AAPL,hold,no buy signal,32.76823450312441,329.79,332.5735,,,,,
2026-09-15T12:01:49.322949-04:00,SERV,hold,no buy signal,41.51239284948111,4.3214999999999995,4.394166666666666,,,,,
2026-09-15T12:17:06.988786-04:00,AAPL,hold,no buy signal,38.53729160991622,329.7855,332.42833333333334,,,,,
2026-09-15T12:17:06.988786-04:00,SERV,hold,no buy signal,39.79812626262215,4.3105,4.3895,,,,,
2026-09-15T12:31:54.091594-04:00,AAPL,hold,no buy signal,40.509486972143,329.861,332.28666666666663,,,,,
2026-09-15T12:31:54.091594-04:00,SERV,hold,no buy signal,49.5075127848984,4.3149999999999995,4.391,,,,,
2026-09-15T12:46:51.848386-04:00,AAPL,hold,no buy signal,39.16664626475949,329.871,332.12216666666666,,,,,
2026-09-15T12:46:51.848386-04:00,SERV,hold,no buy signal,51.454544811852585,4.324,4.389666666666667,,,,,
2026-09-15T13:02:03.778070-04:00,AAPL,hold,no buy signal,36.51839557188161,329.8325,331.9291666666667,,,,,
2026-09-15T13:02:03.778070-04:00,SERV,hold,no buy signal,52.107476261090255,4.339499999999999,4.387666666666666,,,,,
2026-09-15T13:16:59.161600-04:00,AAPL,hold,no buy signal,39.036790986607095,329.8655,331.7706666666666,,,,,
2026-09-15T13:16:59.161600-04:00,SERV,hold,no buy signal,48.98677140848883,4.346,4.3853333333333335,,,,,
2026-09-15T13:31:52.795355-04:00,AAPL,hold,no buy signal,42.033809443449556,329.94649999999996,331.62216666666666,,,,,
2026-09-15T13:31:52.795355-04:00,SERV,hold,no buy signal,48.98677140849476,4.346,4.3853333333333335,,,,,
2026-09-15T13:39:26.106921-04:00,AAPL,hold,no buy signal,44.35197079654556,329.9695,331.62983333333335,,,,,
2026-09-15T13:39:26.106921-04:00,SERV,hold,no buy signal,48.98677140849476,4.3549999999999995,4.383166666666667,,,,,
2026-09-15T13:46:51.294746-04:00,AAPL,hold,no buy signal,46.48152365121551,330.05699999999996,331.5035,,,,,
2026-09-15T13:46:51.294746-04:00,SERV,hold,no buy signal,48.98677140845156,4.361,4.3805,,,,,
2026-09-15T14:01:51.732740-04:00,AAPL,hold,no buy signal,44.149953077034056,330.086,331.35549999999995,,,,,
2026-09-15T14:01:51.732740-04:00,SERV,hold,no buy signal,50.16863933922362,4.3614999999999995,4.3806666666666665,,,,,
2026-09-15T14:16:50.456309-04:00,AAPL,hold,no buy signal,47.28847774046009,330.223,331.25966666666665,,,,,
2026-09-15T14:16:50.456309-04:00,SERV,hold,no buy signal,51.47253578837173,4.3725000000000005,4.376500000000001,,,,,
2026-09-15T14:31:49.847283-04:00,AAPL,hold,no buy signal,43.88420242717593,330.213,331.125,,,,,
2026-09-15T14:31:49.847283-04:00,SERV,hold,no buy signal,50.16863933919719,4.372,4.376333333333333,,,,,
2026-09-15T14:46:50.585434-04:00,AAPL,hold,no buy signal,43.27540192354298,330.193,330.98300000000006,,,,,
2026-09-15T14:46:50.585434-04:00,SERV,hold,no buy signal,37.92755937706531,4.367,4.367500000000001,,,,,
2026-09-15T15:02:04.475896-04:00,AAPL,hold,no buy signal,46.401576959436056,330.2805,330.8591666666667,,,,,
2026-09-15T15:02:04.475896-04:00,SERV,buy,all checks passed,44.25557064114112,4.3645,4.364333333333334,17.1,0.0,none,0,[]
2026-09-15T15:16:54.410252-04:00,AAPL,hold,no buy signal,42.60853610566168,330.30699999999996,330.7125,,,,,
2026-09-15T15:16:54.410252-04:00,SERV,hold,no buy signal,43.11087415376507,4.359,4.3615,,,,,
2026-09-15T15:31:54.388197-04:00,AAPL,hold,no buy signal,40.87501346898671,330.32800000000003,330.539,,,,,
2026-09-15T15:31:54.388197-04:00,SERV,hold,no buy signal,40.912993655496244,4.3534999999999995,4.3581666666666665,,,,,
2026-09-15T15:46:50.381411-04:00,AAPL,hold,no buy signal,45.506149478788466,330.3945,330.41583333333335,,,,,
2026-09-15T15:46:50.381411-04:00,SERV,hold,no buy signal,41.482319750401665,4.349,4.355166666666666,,,,,
2026-09-16T09:31:59.721502-04:00,AAPL,buy,all checks passed,67.15542662135375,331.1205,330.39533333333327,17.1,0.03476,none,0,[]
2026-09-16T09:31:59.721502-04:00,SERV,hold,no buy signal,40.31077416590418,4.344500000000001,4.3515,,,,,
2026-09-16T09:46:53.231433-04:00,AAPL,hold,no buy signal,73.38528164192795,331.58050000000003,330.54566666666665,,,,,
2026-09-16T09:46:53.231433-04:00,SERV,hold,no buy signal,31.327213539569204,4.330500000000001,4.3445,,,,,
2026-09-16T10:02:08.881952-04:00,AAPL,blocked,vix_gate,69.63386914890181,331.919,330.6515,,,,,
2026-09-16T10:02:08.881952-04:00,SERV,hold,no buy signal,33.6297092497723,4.323,4.340333333333333,,,,,
2026-09-16T10:17:27.685570-04:00,AAPL,buy,all checks passed,66.2799020732504,332.2215,330.76366666666667,17.2,0.03476,none,0,[]
2026-09-16T10:17:27.685570-04:00,SERV,hold,no buy signal,32.00339920021035,4.322,4.34,,,,,
2026-09-16T10:32:07.361631-04:00,AAPL,buy,all checks passed,65.75187969180257,332.53000000000003,330.88983333333334,17.2,0.03476,none,0,[]
2026-09-16T10:32:07.361631-04:00,SERV,hold,no buy signal,35.36931815083414,4.313,4.3355,,,,,
2026-09-16T10:46:53.625332-04:00,AAPL,buy,all checks passed,64.92198351349411,332.9085,331.04266666666666,17.2,0.03476,none,0,[]
2026-09-16T10:46:53.625332-04:00,SERV,hold,no buy signal,37.04729338433037,4.308999999999999,4.332,,,,,
2026-09-16T11:02:04.058734-04:00,AAPL,blocked,vix_gate,64.80210756480135,333.1825,331.1868333333333,,,,,
2026-09-16T11:02:04.058734-04:00,SERV,hold,no buy signal,37.04729338433941,4.305000000000001,4.3293333333333335,,,,,
2026-09-16T11:16:50.399881-04:00,AAPL,buy,all checks passed,64.59809749503195,333.4005,331.3253333333333,17.2,0.03476,none,0,[]
2026-09-16T11:16:50.399881-04:00,SERV,hold,no buy signal,42.58201378626825,4.2985,4.329666666666666,,,,,
2026-09-16T11:31:55.020044-04:00,AAPL,buy,all checks passed,54.547559331507195,333.4195,331.3816666666667,17.2,0.03476,none,0,[]
2026-09-16T11:31:55.020044-04:00,SERV,hold,no buy signal,37.26119344578008,4.292,4.328,,,,,
2026-09-16T11:47:05.850586-04:00,AAPL,buy,all checks passed,58.17339754807942,333.52,331.5075,17.2,0.03476,none,0,[]
2026-09-16T11:47:05.850586-04:00,SERV,hold,no buy signal,37.26119344576412,4.292,4.328,,,,,
2026-09-16T12:02:24.465465-04:00,AAPL,buy,all checks passed,53.68798217217503,333.37350000000004,331.59366666666665,17.2,0.03476,none,0,[]
2026-09-16T12:02:24.465465-04:00,SERV,hold,no buy signal,34.32208195274054,4.2855,4.326833333333334,,,,,
2026-09-16T12:17:01.288526-04:00,AAPL,buy,all checks passed,53.85321449242426,333.2455,331.68433333333337,17.2,0.0239,none,0,[]
2026-09-16T12:17:01.288526-04:00,SERV,hold,no buy signal,36.130570511753795,4.284,4.326499999999999,,,,,
2026-09-16T12:32:29.049309-04:00,AAPL,buy,all checks passed,51.803004087469205,333.144,331.7533333333333,17.2,0.0239,none,0,[]
2026-09-16T12:32:29.049309-04:00,SERV,hold,no buy signal,36.130570511775744,4.281999999999999,4.325166666666666,,,,,
2026-09-16T12:46:50.342786-04:00,AAPL,buy,all checks passed,55.49506113095978,333.144,331.8636666666667,17.2,0.0239,none,0,[]
2026-09-16T12:46:50.342786-04:00,SERV,hold,no buy signal,30.320814783212587,4.273999999999999,4.3196666666666665,,,,,
2026-09-16T13:02:07.269290-04:00,AAPL,buy,all checks passed,51.33366059959294,332.9715,331.9536666666666,17.2,0.0239,none,0,[]
2026-09-16T13:02:07.269290-04:00,SERV,hold,no buy signal,30.32081478318053,4.269,4.316666666666666,,,,,
2026-09-16T13:16:58.415951-04:00,AAPL,buy,all checks passed,54.32717425844444,332.8935,332.06716666666665,17.2,0.0239,none,0,[]
2026-09-16T13:16:58.415951-04:00,SERV,hold,no buy signal,27.734710347005663,4.2675,4.316166666666667,,,,,
2026-09-16T13:32:04.077973-04:00,AAPL,buy,all checks passed,58.22349075432469,332.896,332.1886666666667,17.2,0.0239,none,0,[]
2026-09-16T13:32:04.077973-04:00,SERV,hold,no buy signal,29.88155632832844,4.2535,4.3065,,,,,
2026-09-16T13:36:43.523001-04:00,AAPL,buy,all checks passed,56.94348746223985,332.885,332.18500000000006,17.2,0.0239,none,0,[]
2026-09-16T13:36:43.523001-04:00,SERV,hold,no buy signal,29.88155632832844,4.2535,4.3065,,,,,
2026-09-16T13:46:55.636143-04:00,AAPL,buy,all checks passed,56.41632400357736,332.9305,332.26950000000005,17.2,0.0239,none,0,[]
2026-09-16T13:46:55.636143-04:00,SERV,hold,no buy signal,28.084535677941346,4.246,4.300333333333333,,,,,
2026-09-16T14:02:15.781274-04:00,AAPL,buy,all checks passed,61.181327039563094,333.00249999999994,332.383,17.2,0.05122,none,0,[]
2026-09-16T14:02:15.781274-04:00,SERV,hold,no buy signal,25.22731719213756,4.238,4.294333333333333,,,,,
2026-09-16T14:16:59.503373-04:00,AAPL,buy,all checks passed,67.22114008659669,333.2205,332.52483333333333,17.2,0.05122,none,0,[]
2026-09-16T14:16:59.503373-04:00,SERV,hold,no buy signal,27.548560605418135,4.234,4.2895,,,,,
2026-09-16T14:32:06.327408-04:00,AAPL,buy,all checks passed,66.69924315661744,333.399,332.6645,17.2,0.05122,none,0,[]
2026-09-16T14:32:06.327408-04:00,SERV,hold,no buy signal,28.871001322271294,4.2284999999999995,4.2843333333333335,,,,,
2026-09-16T14:46:49.836900-04:00,AAPL,buy,all checks passed,61.77039142338733,333.48999999999995,332.77549999999997,17.2,0.05122,none,0,[]
2026-09-16T14:46:49.836900-04:00,SERV,hold,no buy signal,34.54615594704772,4.225,4.279666666666667,,,,,
2026-09-16T15:02:05.101872-04:00,AAPL,buy,all checks passed,44.40300769082241,333.2045,332.7573333333333,17.2,0.05122,none,0,[]
2026-09-16T15:02:05.101872-04:00,SERV,hold,no buy signal,41.12851379859215,4.225,4.275166666666666,,,,,
2026-09-16T15:17:00.342611-04:00,AAPL,buy,all checks passed,39.69466856113305,332.927,332.74666666666667,17.2,0.05122,none,0,[]
2026-09-16T15:17:00.342611-04:00,SERV,hold,no buy signal,34.59284659928387,4.2204999999999995,4.269166666666666,,,,,
2026-09-16T15:31:58.319354-04:00,AAPL,buy,all checks passed,43.5919339830226,332.8405,332.8066666666666,17.2,0.05122,none,0,[]
2026-09-16T15:31:58.319354-04:00,SERV,hold,no buy signal,43.10289299979775,4.223,4.2665,,,,,
2026-09-16T15:46:59.202515-04:00,AAPL,hold,no buy signal,45.21831890428291,332.7035,332.8608333333333,,,,,
2026-09-16T15:46:59.202515-04:00,SERV,hold,no buy signal,55.37638664989294,4.231,4.265833333333334,,,,,
2026-09-17T09:31:58.927050-04:00,AAPL,hold,no buy signal,51.91738449697087,332.794,333.1736666666667,,,,,
2026-09-17T09:31:58.927050-04:00,SERV,hold,no buy signal,72.1188192757853,4.25,4.268,,,,,
2026-09-17T09:46:50.753697-04:00,AAPL,hold,no buy signal,45.030148174953595,332.65950000000004,333.06,,,,,
2026-09-17T09:46:50.753697-04:00,SERV,hold,no buy signal,70.86808093818625,4.2675,4.270166666666666,,,,,
2026-09-17T10:01:55.251337-04:00,AAPL,hold,no buy signal,40.93317496559924,332.566,332.93933333333337,,,,,
2026-09-17T10:01:55.251337-04:00,SERV,hold,no buy signal,66.54393367163371,4.281499999999999,4.271,,,,,
2026-09-17T10:16:55.101396-04:00,AAPL,hold,no buy signal,53.14050488382077,332.96099999999996,333.01416666666665,,,,,
2026-09-17T10:16:55.101396-04:00,SERV,hold,no buy signal,62.39174014298375,4.2795000000000005,4.270333333333332,,,,,
2026-09-17T10:32:05.530613-04:00,AAPL,hold,no buy signal,53.82233898288365,333.154,333.00333333333333,,,,,
2026-09-17T10:32:05.530613-04:00,SERV,buy,all checks passed,65.68341319619945,4.311,4.2748333333333335,17.71,0.0,none,0,[]
2026-09-17T10:46:50.113687-04:00,AAPL,hold,no buy signal,48.726070950944695,333.06350000000003,332.92199999999997,,,,,
2026-09-17T10:46:50.113687-04:00,SERV,buy,all checks passed,66.93024841329789,4.311999999999999,4.275166666666666,17.71,0.0,none,0,[]
2026-09-17T11:02:15.720315-04:00,AAPL,buy,all checks passed,49.635248198881776,332.9215,332.89666666666665,17.71,0.046060000000000004,none,0,[]
2026-09-17T11:02:15.720315-04:00,SERV,buy,all checks passed,64.89511762906133,4.348,4.283,17.71,0.0,none,0,[]
2026-09-17T11:17:05.157783-04:00,AAPL,hold,no buy signal,47.24988919452231,332.66549999999995,332.8616666666667,,,,,
2026-09-17T11:17:05.157783-04:00,SERV,buy,all checks passed,55.858259644031016,4.3555,4.283666666666666,17.71,0.0,none,0,[]
2026-09-17T11:31:57.201419-04:00,AAPL,hold,no buy signal,50.61734997600943,332.6615,332.88349999999997,,,,,
2026-09-17T11:31:57.201419-04:00,SERV,buy,all checks passed,60.798583719854804,4.3694999999999995,4.2876666666666665,17.71,0.0,none,0,[]
2026-09-17T11:47:04.457674-04:00,AAPL,hold,no buy signal,56.11301082246816,332.74,332.94516666666664,,,,,
2026-09-17T11:47:04.457674-04:00,SERV,buy,all checks passed,59.99104424256401,4.3774999999999995,4.2909999999999995,17.71,0.0,none,0,[]
2026-09-17T12:02:14.946205-04:00,AAPL,hold,no buy signal,62.04208809091128,333.1805,333.0626666666667,,,,,
2026-09-17T12:02:14.946205-04:00,SERV,blocked,vix_gate,62.68342114384786,4.379,4.2915,,,,,
2026-09-17T12:16:56.295576-04:00,AAPL,buy,all checks passed,63.38850017118767,333.713,333.17766666666665,17.71,0.046060000000000004,none,0,[]
2026-09-17T12:16:56.295576-04:00,SERV,buy,all checks passed,64.60764494901585,4.3805,4.294833333333333,17.71,0.0,none,0,[]
2026-09-17T12:32:03.100100-04:00,AAPL,buy,all checks passed,63.99851029080458,334.0235,333.29150000000004,17.71,0.046060000000000004,none,0,[]
2026-09-17T12:32:03.100100-04:00,SERV,buy,all checks passed,56.98102741613877,4.3854999999999995,4.3015,17.71,0.0,none,0,[]
2026-09-17T12:46:51.458908-04:00,AAPL,buy,all checks passed,62.51142149511969,334.2405,333.3915,17.71,0.08424000000000001,none,0,[]
2026-09-17T12:46:51.458908-04:00,SERV,buy,all checks passed,56.98102741613009,4.3854999999999995,4.3015,17.71,0.0,none,0,[]
